page,section,target,heading,imagePath,identity,observedStates,newToStaticWebsite,duplicateStatus,simultaneousInterpretation,action
"/blog","article-library","/blog/complete-guide-civil-construction-dubai-2026","Complete Guide to Civil Construction in Dubai (2026)","/images/generated/blog/civil-construction-dubai-guide-2026-desktop.webp","/images/generated/blog/civil-construction-dubai-guide-2026","category Civil Construction | category Building Contracting | category Dubai Authority Approvals | category Project Management | search construction | search warehouse | search civil","false","Existing content source reused in an additional observed placement","Four additional library images coexist in the construction query","Distinct real photograph still required for this additional placement; reserve search imagery per page/slot"
"/blog","article-library","/blog/choose-best-building-contractor-dubai","How to Choose the Best Building Contractor in Dubai","/images/generated/blog/choosing-building-contractor-dubai-desktop.webp","/images/generated/blog/choosing-building-contractor-dubai","category Building Contracting | category Commercial Buildings | category Construction Tips | category Project Management | search construction | search civil","false","Existing content source reused in an additional observed placement","Four additional library images coexist in the construction query","Distinct real photograph still required for this additional placement; reserve search imagery per page/slot"
"/blog","article-library","/blog/warehouse-construction-dubai-planning-design-authority-approvals","Warehouse Construction in Dubai: Planning, Design & Authority Approvals","/images/generated/blog/warehouse-construction-planning-guide-desktop.webp","/images/generated/blog/warehouse-construction-planning-guide","category Warehouse Construction | category Commercial Buildings | category DEWA Approvals | category DCD Approvals | category Project Management | search construction | search warehouse | search DEWA","false","Existing content source reused in an additional observed placement","Four additional library images coexist in the construction query","Distinct real photograph still required for this additional placement; reserve search imagery per page/slot"
"/blog","article-library","/blog/dubai-authority-approvals-dewa-dubai-municipality-dcd-trakhees","Dubai Authority Approvals Explained: DEWA, Dubai Municipality, DCD & Trakhees","/images/generated/blog/dubai-authority-approvals-guide-desktop.webp","/images/generated/blog/dubai-authority-approvals-guide","category Dubai Authority Approvals | category Dubai Municipality | category DEWA Approvals | category DCD Approvals | category Trakhees Approvals | search construction | search DEWA","false","Existing content source reused in an additional observed placement","Four additional library images coexist in the construction query","Distinct real photograph still required for this additional placement; reserve search imagery per page/slot"
"/search","search-results","/warehouse/cold-storage-warehouse","Cold Storage Warehouse","/images/project-warehouse-industrial-dubai.webp","unsplash:photo-1592085198739-ffcad7f36b54","query warehouse","false","Existing content source reused in an additional observed placement","Alternative search result/image variant; not additive to five simultaneous image slots","Distinct real photograph still required for this additional placement; reserve search imagery per page/slot"
"/search","search-results","/blog/cold-storage-warehouse-construction-approval-checklist","Cold Storage Warehouse Construction: Approval Checklist","/images/internal/architectural-drawing-review.webp","unsplash:photo-1608303588026-884930af2559","query warehouse","false","Existing content source reused in an additional observed placement","Alternative search result/image variant; not additive to five simultaneous image slots","Distinct real photograph still required for this additional placement; reserve search imagery per page/slot"
"/search","search-results","/blog/cold-storage-warehouse-construction-contractor-selection","Cold Storage Warehouse Construction: Contractor Selection","/images/project-authority-approvals-dubai.webp","unsplash:photo-1581674662583-5e89b374fae6","query warehouse","false","Existing content source reused in an additional observed placement","Alternative search result/image variant; not additive to five simultaneous image slots","Distinct real photograph still required for this additional placement; reserve search imagery per page/slot"
"/search","search-results","/blog/cold-storage-warehouse-construction-cost-factors","Cold Storage Warehouse Construction: Cost Factors","/images/internal/industrial-steel-roof.webp","unsplash:photo-1662120399978-738d233edbec","query warehouse","false","Existing content source reused in an additional observed placement","Alternative search result/image variant; not additive to five simultaneous image slots","Distinct real photograph still required for this additional placement; reserve search imagery per page/slot"
"/search","search-results","/blog/cold-storage-warehouse-construction-planning-guide","Cold Storage Warehouse Construction: Planning Guide","/images/internal/project-site-coordination.webp","unsplash:photo-1742112125567-3e8967bad60f","query warehouse","false","Existing content source reused in an additional observed placement","Alternative search result/image variant; not additive to five simultaneous image slots","Distinct real photograph still required for this additional placement; reserve search imagery per page/slot"
"/search","search-results","/villa-construction","Villa Construction","/images/home/dubai-modern-villa-community.webp","pexels:34188580","query villa","true","No additional cross-page reuse established for this legacy source in checked states","Alternative search result/image variant; not additive to five simultaneous image slots","Keep unique if retained; include this legacy identity in future state audits"
"/search","search-results","/building-renovation","Building Renovation","/images/project-office-fit-out-dubai.webp","unsplash:photo-1504297050568-910d24c426d3","query villa","false","Existing content source reused in an additional observed placement","Alternative search result/image variant; not additive to five simultaneous image slots","Distinct real photograph still required for this additional placement; reserve search imagery per page/slot"
"/search","search-results","/interior","Interior Fit-Out","/images/internal/architectural-drawing-review.webp","unsplash:photo-1608303588026-884930af2559","query villa | query interior","false","Existing content source reused in an additional observed placement","Alternative search result/image variant; not additive to five simultaneous image slots","Distinct real photograph still required for this additional placement; reserve search imagery per page/slot"
"/search","search-results","/civil","Civil Contracting","/images/civil-contractor-dubai-construction-site.webp","unsplash:photo-1541888946425-d81bb19240f5","query villa | query civil","false","Existing content source reused in an additional observed placement","Alternative search result/image variant; not additive to five simultaneous image slots","Distinct real photograph still required for this additional placement; reserve search imagery per page/slot"
"/search","search-results","/blog/complete-guide-civil-construction-dubai-2026","Complete Guide to Civil Construction in Dubai (2026)","/images/internal/structural-reinforcement.webp","unsplash:photo-1768677903496-becc4be07258","query villa","false","Existing content source reused in an additional observed placement","Alternative search result/image variant; not additive to five simultaneous image slots","Distinct real photograph still required for this additional placement; reserve search imagery per page/slot"
"/search","featured-or-browse-card","/services","Explore the website","/images/sections/office-laptop-work.webp","pexels:6405641","query interior | query zz-image-audit-no-result","false","Existing content source reused in an additional observed placement","Alternative search result/image variant; not additive to five simultaneous image slots","Distinct real photograph still required for this additional placement; reserve search imagery per page/slot"
"/search","featured-or-browse-card","/approval","Explore the website","/images/sections/office-records-desk.webp","pexels:8353764","query interior | query zz-image-audit-no-result","false","Existing content source reused in an additional observed placement","Alternative search result/image variant; not additive to five simultaneous image slots","Distinct real photograph still required for this additional placement; reserve search imagery per page/slot"
"/search","featured-or-browse-card","/resources","Explore the website","/images/sections/document-binders.webp","pexels:17018372","query interior | query zz-image-audit-no-result","false","Existing content source reused in an additional observed placement","Alternative search result/image variant; not additive to five simultaneous image slots","Distinct real photograph still required for this additional placement; reserve search imagery per page/slot"
"/search","featured-or-browse-card","/blog","Explore the website","/images/project-fit-out-dubai.webp","unsplash:photo-1771918050103-57b5de00d960","query interior | query zz-image-audit-no-result","false","Existing content source reused in an additional observed placement","Alternative search result/image variant; not additive to five simultaneous image slots","Distinct real photograph still required for this additional placement; reserve search imagery per page/slot"
"/search","search-results","/dewa-approvals","DEWA Approvals","/images/internal/architectural-drawing-review.webp","unsplash:photo-1608303588026-884930af2559","query dewa","false","Existing content source reused in an additional observed placement","Alternative search result/image variant; not additive to five simultaneous image slots","Distinct real photograph still required for this additional placement; reserve search imagery per page/slot"
"/search","search-results","/blog/dubai-authority-approvals-dewa-dubai-municipality-dcd-trakhees","Dubai Authority Approvals Explained: DEWA, Dubai Municipality, DCD & Trakhees","/images/internal/fire-sprinkler-pipework.webp","pexels:37352142","query dewa","false","Existing content source reused in an additional observed placement","Alternative search result/image variant; not additive to five simultaneous image slots","Distinct real photograph still required for this additional placement; reserve search imagery per page/slot"
"/search","search-results","/warehouse/warehouse-dewa-approvals","Warehouse DEWA Approvals","/images/project-building-maintenance-dubai.webp","unsplash:photo-1621905251189-08b45d6a269e","query dewa","false","Existing content source reused in an additional observed placement","Alternative search result/image variant; not additive to five simultaneous image slots","Distinct real photograph still required for this additional placement; reserve search imagery per page/slot"
"/search","search-results","/blog/warehouse-dewa-approvals-approval-checklist","Warehouse DEWA Approvals: Approval Checklist","/images/dewa-hv-lv-cable-works-dubai.webp","unsplash:photo-1608574839637-2f7d0290d01d","query dewa","false","Existing content source reused in an additional observed placement","Alternative search result/image variant; not additive to five simultaneous image slots","Distinct real photograph still required for this additional placement; reserve search imagery per page/slot"
"/search","search-results","/blog/warehouse-dewa-approvals-contractor-selection","Warehouse DEWA Approvals: Contractor Selection","/images/dewa-lv-inspection-testing-dubai.webp","unsplash:photo-1758101755915-462eddc23f57","query dewa","false","Existing content source reused in an additional observed placement","Alternative search result/image variant; not additive to five simultaneous image slots","Distinct real photograph still required for this additional placement; reserve search imagery per page/slot"
"/search","search-results","/blog/complete-guide-civil-construction-dubai-2026","Complete Guide to Civil Construction in Dubai (2026)","/images/internal/architectural-drawing-review.webp","unsplash:photo-1608303588026-884930af2559","query civil","false","Existing content source reused in an additional observed placement","Alternative search result/image variant; not additive to five simultaneous image slots","Distinct real photograph still required for this additional placement; reserve search imagery per page/slot"
"/search","search-results","/warehouse/warehouse-civil-contractor","Warehouse Civil Contractor","/images/project-warehouse-industrial-dubai.webp","unsplash:photo-1592085198739-ffcad7f36b54","query civil","false","Existing content source reused in an additional observed placement","Alternative search result/image variant; not additive to five simultaneous image slots","Distinct real photograph still required for this additional placement; reserve search imagery per page/slot"
"/search","search-results","/warehouse/warehouse-civil-works","Warehouse Civil Works","/images/project-authority-approvals-dubai.webp","unsplash:photo-1581674662583-5e89b374fae6","query civil","false","Existing content source reused in an additional observed placement","Alternative search result/image variant; not additive to five simultaneous image slots","Distinct real photograph still required for this additional placement; reserve search imagery per page/slot"
"/search","search-results","/blog/cold-storage-warehouse-construction-approval-checklist","Cold Storage Warehouse Construction: Approval Checklist","/images/internal/project-site-coordination.webp","unsplash:photo-1742112125567-3e8967bad60f","query civil","false","Existing content source reused in an additional observed placement","Alternative search result/image variant; not additive to five simultaneous image slots","Distinct real photograph still required for this additional placement; reserve search imagery per page/slot"
"/search","search-results","/project-management","Project Management","/images/about-construction-coordination-dubai.webp","unsplash:photo-1626885930974-4b69aa21bbf9","query project management","false","Existing content source reused in an additional observed placement","Alternative search result/image variant; not additive to five simultaneous image slots","Distinct real photograph still required for this additional placement; reserve search imagery per page/slot"
"/search","search-results","/warehouse/warehouse-project-management","Warehouse Project Management","/images/project-warehouse-industrial-dubai.webp","unsplash:photo-1592085198739-ffcad7f36b54","query project management","false","Existing content source reused in an additional observed placement","Alternative search result/image variant; not additive to five simultaneous image slots","Distinct real photograph still required for this additional placement; reserve search imagery per page/slot"
"/search","search-results","/blog/warehouse-project-management-dubai-approval-checklist","Warehouse Project Management Dubai: Approval Checklist","/images/internal/architectural-drawing-review.webp","unsplash:photo-1608303588026-884930af2559","query project management","false","Existing content source reused in an additional observed placement","Alternative search result/image variant; not additive to five simultaneous image slots","Distinct real photograph still required for this additional placement; reserve search imagery per page/slot"
"/search","search-results","/blog/warehouse-project-management-dubai-contractor-selection","Warehouse Project Management Dubai: Contractor Selection","/images/project-authority-approvals-dubai.webp","unsplash:photo-1581674662583-5e89b374fae6","query project management","false","Existing content source reused in an additional observed placement","Alternative search result/image variant; not additive to five simultaneous image slots","Distinct real photograph still required for this additional placement; reserve search imagery per page/slot"
"/search","search-results","/blog/warehouse-project-management-dubai-cost-factors","Warehouse Project Management Dubai: Cost Factors","/images/internal/industrial-steel-roof.webp","unsplash:photo-1662120399978-738d233edbec","query project management","false","Existing content source reused in an additional observed placement","Alternative search result/image variant; not additive to five simultaneous image slots","Distinct real photograph still required for this additional placement; reserve search imagery per page/slot"
"/search","featured-or-browse-card","/contact","Explore the website","/images/project-authority-approvals-dubai.webp","unsplash:photo-1581674662583-5e89b374fae6","query zz-image-audit-no-result","false","Existing content source reused in an additional observed placement","Alternative search result/image variant; not additive to five simultaneous image slots","Distinct real photograph still required for this additional placement; reserve search imagery per page/slot"
